先锋,推进之王,,,,,六星,五星,三星,一、二星,四星
,风笛,,,,,推进之王,德克萨斯,芬,夜刀,讯使
,嵯峨,,,,,风笛,格拉尼,香草,Castle-3,清道夫
,琴柳,,,,,嵯峨,苇草,翎羽,黑角,红豆
,焰尾,,,,,琴柳,极境,玫兰莎,Friston-3,桃金娘
,伺夜,,,,,焰尾,贾维,月见夜,巡林者,豆苗
,伊内丝,,,,,伺夜,野鬃,泡普卡,正义骑士号,杜宾
,缪尔赛思,,,,,伊内丝,夜半,卡缇,泰拉大陆调查团,缠丸
,忍冬,,,,,缪尔赛思,晓歌,米格鲁,杜林,霜叶
,凛冬,,,,,忍冬,谜图,斑点,12F,艾丝黛尔
,德克萨斯,,,,,凛冬,青枳,克洛丝,Lancet-2,慕斯
,格拉尼,,,,,银灰,万顷,安德切尔,U-Official,猎蜂
,苇草,,,,,斯卡蒂,红隼,空爆,PhonoR-0,宴
,极境,,,,,陈,历阵锐枪芬,炎熔,THRM-EX,断罪者
,贾维,,,,,赫拉格,渡桥,史都华德,,刻刀
,野鬃,,,,,煌,齐尔查克,芙蓉,,芳汀
,夜半,,,,,棘刺,寻澜,安赛尔,,杰克
,晓歌,,,,,史尔特尔,芙兰卡,梓兰,,罗小黑
,谜图,,,,,山,因陀罗,,,石英
,青枳,,,,,帕拉斯,拉普兰德,,,休谟斯
,万顷,,,,,耀骑士临光,幽灵鲨,,,角峰
,红隼,,,,,艾丽妮,暴行,,,蛇屠箱
,历阵锐枪芬,,,,,百炼嘉维尔,诗怀雅,,,古米
,渡桥,,,,,玛恩纳,星极,,,坚雷
,齐尔查克,,,,,重岳,炎客,,,泡泡
,寻澜,,,,,仇白,布洛卡,,,露托
,讯使,,,,,圣约送葬人,柏喙,,,杰西卡
,清道夫,,,,,赫德雷,铸铁,,,流星
,红豆,,,,,止颂,断崖,,,白雪
,桃金娘,,,,,薇薇安娜,燧石,,,红云
,豆苗,,,,,锏,鞭刃,,,梅
,芬,,,,,左乐,阿米娅(近卫),,,安比尔
,香草,,,,,乌尔比安,战车,,,酸糖
,翎羽,,,,,佩佩,赤冬,,,松果
,夜刀,,,,,维娜·维多利亚,龙舌兰,,,铅踝
,,,,,,隐德来希,羽毛笔,,,跃跃
近卫,银灰,,,,,星熊,海沫,,,夜烟
,斯卡蒂,,,,,塞雷娅,达格达,,,远山
,陈,,,,,年,铎铃,,,格雷伊
,赫拉格,,,,,森蚺,火龙S黑角,,,卡达
,煌,,,,,瑕光,摩根,,,深靛
,棘刺,,,,,泥岩,苍苔,,,布丁
,史尔特尔,,,,,号角,烈夏,,,末药
,山,,,,,斥罪,导火索,,,嘉维尔
,帕拉斯,,,,,涤火杰西卡,医生,,,调香师
,耀骑士临光,,,,,黍,奥达,,,苏苏洛
,艾丽妮,,,,,余,莱欧斯,,,清流
,百炼嘉维尔,,,,,伊芙利特,临光,,,褐果
,玛恩纳,,,,,艾雅法拉,雷蛇,,,深海色
,重岳,,,,,莫斯提马,可颂,,,地灵
,仇白,,,,,刻俄柏,火神,,,波登可
,圣约送葬人,,,,,夕,拜松,,,罗比菈塔
,赫德雷,,,,,异客,吽,,,砾
,止颂,,,,,卡涅利安,石棉,,,暗索
,薇薇安娜,,,,,澄闪,闪击,,,阿消
,锏,,,,,黑键,暴雨,,,伊桑
,左乐,,,,,林,灰毫,,,孑
,乌尔比安,,,,,霍尔海雅,极光,,,维荻
,佩佩,,,,,逻各斯,暮落,,,云迹
,维娜·维多利亚,,,,,妮芙,车尔尼,,,
,隐德来希,,,,,玛露西尔,火哨,,,
,芙兰卡,,,,,荒芜拉普兰德,洋灰,,,
,因陀罗,,,,,烛煌,深律,,,
,拉普兰德,,,,,能天使,深巡,,,
,幽灵鲨,,,,,黑,森西,,,
,暴行,,,,,W,菲莱,,,
,诗怀雅,,,,,早露,阿米娅,,,
,星极,,,,,迷迭香,天火,,,
,炎客,,,,,空弦,夜魔,,,
,布洛卡,,,,,灰烬,惊蛰,,,
,柏喙,,,,,假日威龙陈,苦艾,,,
,铸铁,,,,,远牙,莱恩哈特,,,
,断崖,,,,,菲亚梅塔,蜜蜡,,,
,燧石,,,,,鸿雪,特米米,,,
,鞭刃,,,,,提丰,薄绿,,,
,阿米娅(近卫),,,,,莱伊,爱丽丝,,,
,战车,,,,,维什戴尔,炎狱炎熔,,,
,赤冬,,,,,娜仁图亚,蚀清,,,
,龙舌兰,,,,,闪灵,耶拉,,,
,羽毛笔,,,,,夜莺,洛洛,,,
,海沫,,,,,凯尔希,星源,,,
,达格达,,,,,流明,至简,,,
,铎铃,,,,,焰影苇草,雪绒,,,
,火龙S黑角,,,,,纯烬艾雅法拉,和弦,,,
,摩根,,,,,安洁莉娜,寒檀,,,
,苍苔,,,,,麦哲伦,戴菲恩,,,
,烈夏,,,,,铃兰,折光,,,
,导火索,,,,,浊心斯卡蒂,温米,,,
,医生,,,,,灵知,阿罗玛,,,
,奥达,,,,,令,特克诺,,,
,莱欧斯,,,,,白铁,蓝毒,,,
,杜宾,,,,,淬羽赫默,白金,,,
,缠丸,,,,,塑心,陨星,,,
,霜叶,,,,,魔王,普罗旺斯,,,
,艾丝黛尔,,,,,阿,守林人,,,
,慕斯,,,,,傀影,送葬人,,,
,猎蜂,,,,,温蒂,灰喉,,,
,宴,,,,,歌蕾蒂娅,慑砂,,,
,断罪者,,,,,水月,安哲拉,,,
,刻刀,,,,,老鲤,四月,,,
,芳汀,,,,,归溟幽灵鲨,奥斯塔,,,
,杰克,,,,,多萝西,熔泉,,,
,罗小黑,,,,,缄默德克萨斯,寒芒克洛丝,,,
,石英,,,,,麒麟R夜刀,埃拉托,,,
,休谟斯,,,,,琳琅诗怀雅,承曦格雷伊,,,
,玫兰莎,,,,,艾拉,子月,,,
,月见夜,,,,,阿斯卡纶,截云,,,
,泡普卡,,,,,弑君者,玫拉,,,
,Castle-3,,,,,引星棘刺,隐现,,,
,,,,,,,冰酿,,,
重装,星熊,,,,,,白面鸮,,,
,塞雷娅,,,,,,赫默,,,
,年,,,,,,华法琳,,,
,森蚺,,,,,,锡兰,,,
,瑕光,,,,,,微风,,,
,泥岩,,,,,,亚叶,,,
,号角,,,,,,絮雨,,,
,斥罪,,,,,,图耶,,,
,涤火杰西卡,,,,,,桑葚,,,
,黍,,,,,,蜜莓,,,
,余,,,,,,濯尘芙蓉,,,
,临光,,,,,,明椒,,,
,雷蛇,,,,,,刺玫,,,
,可颂,,,,,,哈洛德,,,
,火神,,,,,,阿米娅(医疗),,,
,拜松,,,,,,莎草,,,
,吽,,,,,,瑰盐,,,
,石棉,,,,,,诺威尔,,,
,闪击,,,,,,梅尔,,,
,暴雨,,,,,,初雪,,,
,灰毫,,,,,,真理,,,
,极光,,,,,,空,,,
,暮落,,,,,,格劳克斯,,,
,车尔尼,,,,,,巫恋,,,
,火哨,,,,,,月禾,,,
,洋灰,,,,,,稀音,,,
,深律,,,,,,九色鹿,,,
,深巡,,,,,,夏栎,,,
,森西,,,,,,海蒂,,,
,菲莱,,,,,,掠风,,,
,角峰,,,,,,但书,,,
,蛇屠箱,,,,,,凛视,,,
,古米,,,,,,小满,,,
,坚雷,,,,,,海霓,,,
,泡泡,,,,,,衡沙,,,
,露托,,,,,,凯瑟琳,,,
,卡缇,,,,,,波卜,,,
,米格鲁,,,,,,行箸,,,
,斑点,,,,,,红,,,
,黑角,,,,,,崖心,,,
,Friston-3,,,,,,狮蝎,,,
,,,,,,,食铁兽,,,
狙击,能天使,,,,,,槐琥,,,
,黑,,,,,,雪雉,,,
,W,,,,,,罗宾,,,
,早露,,,,,,卡夫卡,,,
,迷迭香,,,,,,乌有,,,
,空弦,,,,,,霜华,,,
,灰烬,,,,,,贝娜,,,
,假日威龙陈,,,,,,绮良,,,
,远牙,,,,,,见行者,,,
,菲亚梅塔,,,,,,风丸,,,
,鸿雪,,,,,,空构,,,
,提丰,,,,,,杏仁,,,
,莱伊,,,,,,双月,,,
,维什戴尔,,,,,,锡人,,,
,娜仁图亚,,,,,,裁度,,,
,蓝毒,,,,,,,,,
,白金,,,,,,,,,
,陨星,,,,,,,,,
,普罗旺斯,,,,,,,,,
,守林人,,,,,,,,,
,送葬人,,,,,,,,,
,灰喉,,,,,,,,,
,慑砂,,,,,,,,,
,安哲拉,,,,,,,,,
,四月,,,,,,,,,
,奥斯塔,,,,,,,,,
,熔泉,,,,,,,,,
,寒芒克洛丝,,,,,,,,,
,埃拉托,,,,,,,,,
,承曦格雷伊,,,,,,,,,
,子月,,,,,,,,,
,截云,,,,,,,,,
,玫拉,,,,,,,,,
,隐现,,,,,,,,,
,冰酿,,,,,,,,,
,杰西卡,,,,,,,,,
,流星,,,,,,,,,
,白雪,,,,,,,,,
,红云,,,,,,,,,
,梅,,,,,,,,,
,安比尔,,,,,,,,,
,酸糖,,,,,,,,,
,松果,,,,,,,,,
,铅踝,,,,,,,,,
,跃跃,,,,,,,,,
,克洛丝,,,,,,,,,
,安德切尔,,,,,,,,,
,空爆,,,,,,,,,
,巡林者,,,,,,,,,
,正义骑士号,,,,,,,,,
,泰拉大陆调查团,,,,,,,,,
,,,,,,,,,,
术师,伊芙利特,,,,,,,,,
,艾雅法拉,,,,,,,,,
,莫斯提马,,,,,,,,,
,刻俄柏,,,,,,,,,
,夕,,,,,,,,,
,异客,,,,,,,,,
,卡涅利安,,,,,,,,,
,澄闪,,,,,,,,,
,黑键,,,,,,,,,
,林,,,,,,,,,
,霍尔海雅,,,,,,,,,
,逻各斯,,,,,,,,,
,妮芙,,,,,,,,,
,玛露西尔,,,,,,,,,
,荒芜拉普兰德,,,,,,,,,
,烛煌,,,,,,,,,
,阿米娅,,,,,,,,,
,天火,,,,,,,,,
,夜魔,,,,,,,,,
,惊蛰,,,,,,,,,
,苦艾,,,,,,,,,
,莱恩哈特,,,,,,,,,
,蜜蜡,,,,,,,,,
,特米米,,,,,,,,,
,薄绿,,,,,,,,,
,爱丽丝,,,,,,,,,
,炎狱炎熔,,,,,,,,,
,蚀清,,,,,,,,,
,耶拉,,,,,,,,,
,洛洛,,,,,,,,,
,星源,,,,,,,,,
,至简,,,,,,,,,
,雪绒,,,,,,,,,
,和弦,,,,,,,,,
,寒檀,,,,,,,,,
,戴菲恩,,,,,,,,,
,折光,,,,,,,,,
,温米,,,,,,,,,
,阿罗玛,,,,,,,,,
,特克诺,,,,,,,,,
,夜烟,,,,,,,,,
,远山,,,,,,,,,
,格雷伊,,,,,,,,,
,卡达,,,,,,,,,
,深靛,,,,,,,,,
,布丁,,,,,,,,,
,炎熔,,,,,,,,,
,史都华德,,,,,,,,,
,杜林,,,,,,,,,
,12F,,,,,,,,,
,,,,,,,,,,
医疗,闪灵,,,,,,,,,
,夜莺,,,,,,,,,
,凯尔希,,,,,,,,,
,流明,,,,,,,,,
,焰影苇草,,,,,,,,,
,纯烬艾雅法拉,,,,,,,,,
,白面鸮,,,,,,,,,
,赫默,,,,,,,,,
,华法琳,,,,,,,,,
,锡兰,,,,,,,,,
,微风,,,,,,,,,
,亚叶,,,,,,,,,
,絮雨,,,,,,,,,
,图耶,,,,,,,,,
,桑葚,,,,,,,,,
,蜜莓,,,,,,,,,
,濯尘芙蓉,,,,,,,,,
,明椒,,,,,,,,,
,刺玫,,,,,,,,,
,哈洛德,,,,,,,,,
,阿米娅(医疗),,,,,,,,,
,莎草,,,,,,,,,
,瑰盐,,,,,,,,,
,诺威尔,,,,,,,,,
,末药,,,,,,,,,
,嘉维尔,,,,,,,,,
,调香师,,,,,,,,,
,苏苏洛,,,,,,,,,
,清流,,,,,,,,,
,褐果,,,,,,,,,
,芙蓉,,,,,,,,,
,安赛尔,,,,,,,,,
,Lancet-2,,,,,,,,,
,,,,,,,,,,
辅助,安洁莉娜,,,,,,,,,
,麦哲伦,,,,,,,,,
,铃兰,,,,,,,,,
,浊心斯卡蒂,,,,,,,,,
,灵知,,,,,,,,,
,令,,,,,,,,,
,白铁,,,,,,,,,
,淬羽赫默,,,,,,,,,
,塑心,,,,,,,,,
,魔王,,,,,,,,,
,梅尔,,,,,,,,,
,初雪,,,,,,,,,
,真理,,,,,,,,,
,空,,,,,,,,,
,格劳克斯,,,,,,,,,
,巫恋,,,,,,,,,
,月禾,,,,,,,,,
,稀音,,,,,,,,,
,九色鹿,,,,,,,,,
,夏栎,,,,,,,,,
,海蒂,,,,,,,,,
,掠风,,,,,,,,,
,但书,,,,,,,,,
,凛视,,,,,,,,,
,小满,,,,,,,,,
,海霓,,,,,,,,,
,衡沙,,,,,,,,,
,凯瑟琳,,,,,,,,,
,波卜,,,,,,,,,
,行箸,,,,,,,,,
,深海色,,,,,,,,,
,地灵,,,,,,,,,
,波登可,,,,,,,,,
,罗比菈塔,,,,,,,,,
,梓兰,,,,,,,,,
,U-Official,,,,,,,,,
,PhonoR-0,,,,,,,,,
,,,,,,,,,,
特种,阿,,,,,,,,,
,傀影,,,,,,,,,
,温蒂,,,,,,,,,
,歌蕾蒂娅,,,,,,,,,
,水月,,,,,,,,,
,老鲤,,,,,,,,,
,归溟幽灵鲨,,,,,,,,,
,多萝西,,,,,,,,,
,缄默德克萨斯,,,,,,,,,
,麒麟R夜刀,,,,,,,,,
,琳琅诗怀雅,,,,,,,,,
,艾拉,,,,,,,,,
,阿斯卡纶,,,,,,,,,
,弑君者,,,,,,,,,
,引星棘刺,,,,,,,,,
,红,,,,,,,,,
,崖心,,,,,,,,,
,狮蝎,,,,,,,,,
,食铁兽,,,,,,,,,
,槐琥,,,,,,,,,
,雪雉,,,,,,,,,
,罗宾,,,,,,,,,
,卡夫卡,,,,,,,,,
,乌有,,,,,,,,,
,霜华,,,,,,,,,
,贝娜,,,,,,,,,
,绮良,,,,,,,,,
,见行者,,,,,,,,,
,风丸,,,,,,,,,
,空构,,,,,,,,,
,杏仁,,,,,,,,,
,双月,,,,,,,,,
,锡人,,,,,,,,,
,裁度,,,,,,,,,
,砾,,,,,,,,,
,暗索,,,,,,,,,
,阿消,,,,,,,,,
,伊桑,,,,,,,,,
,孑,,,,,,,,,
,维荻,,,,,,,,,
,云迹,,,,,,,,,
,THRM-EX,,,,,,,,,
